Company,Title,Location,URL
Stripe,"Backend / API Engineer, Billing","San Francisco, Seattle, NYC, US-Remote",https://stripe.com/jobs/search?gh_jid=7737241
Stripe,"Backend / API Engineer, Billing","Toronto, Canada",https://stripe.com/jobs/search?gh_jid=7737237
Stripe,"Backend/API Engineer, Money as a Service",US,https://stripe.com/jobs/search?gh_jid=6176758
Stripe,"Backend / API Engineer, Payouts",United Kingdom,https://stripe.com/jobs/search?gh_jid=7369543
Stripe,"Backend / API Engineer, Privacy Products","San Francisco, Seattle",https://stripe.com/jobs/search?gh_jid=7579264
Stripe,"Backend Engineer, AI Security",N/A,https://stripe.com/jobs/search?gh_jid=7826765
Stripe,"Backend Engineer/API, Payments and Risk","Dublin, Ireland",https://stripe.com/jobs/search?gh_jid=4921361
Stripe,"Backend Engineer, Billing/Tax",N/A,https://stripe.com/jobs/search?gh_jid=7217048
Stripe,"Backend Engineer, Core Tech, Canada","Toronto, CAN-Remote",https://stripe.com/jobs/search?gh_jid=6567253
Stripe,"Backend Engineer, Core Technology",Dublin,https://stripe.com/jobs/search?gh_jid=7182617
Stripe,"Backend Engineer, Data",Canada,https://stripe.com/jobs/search?gh_jid=6865161
Stripe,"Backend Engineer, Developer Experience & Product Platform ","Toronto Canada, San Francisco, Remote in US, Remote in Canada",https://stripe.com/jobs/search?gh_jid=7292520
Stripe,"Backend Engineer, Developer Experience & Product Platform ","SEA, SF",https://stripe.com/jobs/search?gh_jid=7476555
Stripe,"Backend Engineer, Forward Deployed Engineering",N/A,https://stripe.com/jobs/search?gh_jid=7249744
Stripe,"Backend Engineer, Payments and Risk",US,https://stripe.com/jobs/search?gh_jid=6163230
Stripe,"Backend Engineer, Payments and Risk",US,https://stripe.com/jobs/search?gh_jid=7232592
Stripe,"Backend Engineer, Privy",NYC-Privy,https://stripe.com/jobs/search?gh_jid=7235875
Stripe,"Engineering Manager, Machine Learning Platform",Toronto,https://stripe.com/jobs/search?gh_jid=7712852
Stripe,"Machine Learning Engineer, Payments ML Accelerator",Seattle; San Francisco; New York City,https://stripe.com/jobs/search?gh_jid=7079044
Stripe,"Machine Learning Engineer, Stripe Assistant ",Seattle; San Francisco; New York City; Remote,https://stripe.com/jobs/search?gh_jid=7629052
Stripe,"Machine Learning Engineer, Supportability",Toronto,https://stripe.com/jobs/search?gh_jid=7384709
Stripe,"Machine Learning Engineer, Support Experience","Toronto, Canada",https://stripe.com/jobs/search?gh_jid=7813942
Stripe,"PhD Machine Learning Engineer, Intern","San Francisco, New York City, Seattle",https://stripe.com/jobs/search?gh_jid=7216664
Stripe,"PhD Machine Learning Engineer, New Grad","San Francisco, New York City, Seattle",https://stripe.com/jobs/search?gh_jid=7216668
Stripe,Software Engineer,"San Francisco, California",https://stripe.com/jobs/search?gh_jid=7808471
Stripe,Software Engineer,San Francisco,https://stripe.com/jobs/search?gh_jid=7788088
Stripe,"Software Engineer, Bridge","San Francisco, NY, Seattle",https://stripe.com/jobs/search?gh_jid=7277110
Stripe,"Software Engineer, Core Technology",Bangalore,https://stripe.com/jobs/search?gh_jid=7618977
Stripe,"Software Engineer, Data & AI",Bengaluru,https://stripe.com/jobs/search?gh_jid=7529428
Stripe,"Software Engineer, Data Orchestration",N/A,https://stripe.com/jobs/search?gh_jid=7230670
Stripe,"Software Engineer, Experimental Projects",LOCATION,https://stripe.com/jobs/search?gh_jid=7600792
Stripe,"Software Engineer, Fee Insights",Bengaluru,https://stripe.com/jobs/search?gh_jid=7436194
Stripe,"Software Engineering, New Grad",Singapore,https://stripe.com/jobs/search?gh_jid=7176977
Stripe,"Software Engineer, Intern","Sydney, Australia",https://stripe.com/jobs/search?gh_jid=7532256
Stripe,"Software Engineer, Intern (Summer)","San Francisco, Seattle, New York City",https://stripe.com/jobs/search?gh_jid=7210115
Stripe,Software Engineer L2,"Seattle, WA",https://stripe.com/jobs/search?gh_jid=7812279
Stripe,"Software Engineer, Machine Learning Infrastructure",N/A,https://stripe.com/jobs/search?gh_jid=7376835
Stripe,"Software Engineer, Money as a Service",Singapore,https://stripe.com/jobs/search?gh_jid=7555999
Stripe,"Software Engineer, Money Movement ",London,https://stripe.com/jobs/search?gh_jid=7208537
Stripe,"Software Engineer, New Grad",Dublin,https://stripe.com/jobs/search?gh_jid=7206515
Stripe,"Software Engineer, Payments",Singapore,https://stripe.com/jobs/search?gh_jid=7529787
Stripe,"Software Engineer, Payments and Risk","Dublin, Ireland",https://stripe.com/jobs/search?gh_jid=6717520
Stripe,"Software Engineer, Product Security Data Platforms",Seattle,https://stripe.com/jobs/search?gh_jid=7761694
Stripe,"Software Engineer, Secrets Infrastructure",na,https://stripe.com/jobs/search?gh_jid=7396679
Stripe,"Software Engineer, Security Analytics Infrastructure",N/A,https://stripe.com/jobs/search?gh_jid=7826761
Stripe,"Software Engineer,Service Ecosystem Sustainability ",Bengaluru,https://stripe.com/jobs/search?gh_jid=6967304
Stripe,"Software Engineer - Smart Contract, Bridge",San Francisco or New York,https://stripe.com/jobs/search?gh_jid=7507904
Airbnb,"iOS Software Engineer, Host Pricing","Remote, USA",https://careers.airbnb.com/positions/7822751?gh_jid=7822751
Airbnb,"Machine Learning Engineer, Community Support Engineering",China,https://careers.airbnb.com/positions/7716341?gh_jid=7716341
Airbnb,Machine Learning Engineering Intern (PhD),United States,https://careers.airbnb.com/positions/7669906?gh_jid=7669906
Airbnb,"Software Engineer, Guest & Host, Foundation",China,https://careers.airbnb.com/positions/7817284?gh_jid=7817284
Airbnb,"Software Engineer, Guest & Host - Notifications(Backend)",China,https://careers.airbnb.com/positions/7725256?gh_jid=7725256
